country_name,city1,city2,country_code,un_country_code,region_code,region_name,continent_code,continent_name,citation
Afghanistan,Kabul,Kandahar,AF,4,34,Southern Asia,AS,Asia,[citation needed]
?land Islands,Mariehamn,Jomala,AX,248,154,Northern Europe,EU,Europe,[citation needed]
Albania,Tirana,Durrës,AL,8,39,Southern Europe,EU,Europe,[1]
Algeria,Algiers,Oran,DZ,12,15,Northern Africa,AF,Africa,[2]
American Samoa,Tafuna,Nu'uuli,AS,16,61,Polynesia,OC,Oceania,[3]
Andorra,Andorra la Vella,Les Escaldes,AD,20,39,Southern Europe,EU,Europe,[4]
Angola,Luanda,Cabinda,AO,24,17,Middle Africa,AF,Africa,[5]
Anguilla,North Side,The Valley,AI,660,29,Caribbean,SA,South America,[6]
Antigua and Barbuda,St. John's,All Saints,AG,28,29,Caribbean,SA,South America,[7]
Argentina,Buenos Aires,Córdoba,AR,32,5,South America,SA,South America,[8]
Armenia,Yerevan,Gyumri,AM,51,145,Western Asia,AS,Asia,[9]
Aruba,Oranjestad,Sint Nicolaas,AW,533,29,Caribbean,SA,South America,[10]
Australia,Sydney,Melbourne,AU,36,53,Australia and New Zealand,OC,Oceania,[11]
Australia,Vienna,Graz,AU,36,53,Australia and New Zealand,OC,Oceania,[12]
Azerbaijan,Baku,Ganja,AZ,31,145,Western Asia,AS,Asia,[13]
Bahamas,Nassau,Freeport,BS,44,29,Caribbean,SA,South America,[14]
Bahrain,Manama,Riffa,BH,48,145,Western Asia,AS,Asia,[15]
Bangladesh,Dhaka,Chittagong,BD,50,34,Southern Asia,AS,Asia,[16]
Barbados,Bridgetown,Speightstown,BB,52,29,Caribbean,SA,South America,[17]
Belarus,Minsk,Homel,BY,112,151,Eastern Europe,EU,Europe,[18]
Belgium,Brussels,Antwerp,BE,56,155,Western Europe,EU,Europe,[19]
Belize,Belize City,San Ignacio,BZ,84,13,Central America,SA,South America,[20]
Benin,Cotonou,Abomey-Calavi,BJ,204,11,Western Africa,AF,Africa,[21]
Bermuda,St. George's,Hamilton,BM,60,21,North America,NA,North America,[22]
Bhutan,Thimphu,Phuntsholing,BT,64,34,Southern Asia,AS,Asia,[23]
Bolivia,Santa Cruz de la Sierra,El Alto,BO,68,5,South America,SA,South America,[24]
Bosnia and Herzegovina,Sarajevo,Banja Luka,BA,70,39,Southern Europe,EU,Europe,[25]
Botswana,Gaborone,Francistown,BW,72,18,Southern Africa,AF,Africa,[26]
Brazil,São Paulo,Rio de Janeiro,BR,76,5,South America,SA,South America,[27]
Bulgaria,Sofia,Plovdiv,BG,100,151,Eastern Europe,EU,Europe,[29]
Burkina Faso,Ouagadougou,Bobo-Dioulasso,BF,854,11,Western Africa,AF,Africa,[30]
Burundi,Bujumbura,Muyinga,BI,108,14,Eastern Africa,AF,Africa,[31]
Cambodia,Phnom Penh,Battambang,KH,116,35,South-Eastern Asia,AS,Asia,[32]
Cameroon,Douala,Yaoundé,CM,120,17,Middle Africa,AF,Africa,[33]
Canada,Toronto,Montreal,CA,124,21,North America,NA,North America,[34]
Cayman Islands,George Town,West Bay,KY,136,29,Caribbean,SA,South America,[36]
Central African Republic,Bangui,Bimbo,CF,140,17,Middle Africa,AF,Africa,[37]
Chad,N'Djamena,Moundou,TD,148,17,Middle Africa,AF,Africa,[38]
Chile,Santiago,Puente Alto,CL,152,5,South America,SA,South America,
China,Shanghai,Beijing,CN,156,30,Eastern Asia,AS,Asia,[41]
Cook Islands,Bantam,West Island,CK,184,61,Polynesia,OC,Oceania,
Colombia,Bogotá,Medellín,CO,170,5,South America,SA,South America,[42]
Comoros,Moroni,Mutsamudu,KM,174,14,Eastern Africa,AF,Africa,[43]
Democratic Republic of the Congo,Kinshasa,Lubumbashi,CD,180,17,Middle Africa,AF,Africa,[44]
Cook Islands,Avarua,Amuri,CK,184,61,Polynesia,OC,Oceania,[46]
Costa Rica,San José,Limón,CR,188,13,Central America,SA,South America,[47]
Cote d'Ivoire,Abidjan,Bouaké,CI,384,11,Western Africa,AF,Africa,[48]
Croatia,Zagreb,Split,HR,191,39,Southern Europe,EU,Europe,[49]
Cuba,Havana,Santiago de Cuba,CU,192,29,Caribbean,SA,South America,[50]
Cyprus,Nicosia,Limassol,CY,196,145,Western Asia,AS,Asia,[52]
Czech Republic,Prague,Brno,CZ,203,151,Eastern Europe,EU,Europe,[54]
Denmark,Copenhagen,Aarhus,DK,208,154,Northern Europe,EU,Europe,[55]
Djibouti,Djibouti,Ali Sabieh,DJ,262,14,Eastern Africa,AF,Africa,[56]
Dominica,Roseau,Canefield,DM,212,29,Caribbean,SA,South America,[57]
Dominican Republic,Santo Domingo,Santiago de los Caballeros,DO,214,29,Caribbean,SA,South America,[58]
Ecuador,Guayaquil,Quito,EC,218,5,South America,SA,South America,[60]
Egypt,Cairo,Alexandria,EG,818,15,Northern Africa,AF,Africa,[61]
El Salvador,San Salvador,Santa Ana,SV,222,13,Central America,SA,South America,[62]
Equatorial Guinea,Bata,Malabo,GQ,226,17,Middle Africa,AF,Africa,[63]
Eritrea,Asmara,Assab,ER,232,14,Eastern Africa,AF,Africa,[64]
Estonia,Tallinn,Tartu,EE,233,154,Northern Europe,EU,Europe,[65]
Ethiopia,Addis Ababa,Dire Dawa,ET,231,14,Eastern Africa,AF,Africa,[66]
?land Islands,Stanley,Goose Green,AX,248,154,Northern Europe,EU,Europe,[67]
Faeroe Islands,Tórshavn,Klaksvík,FO,234,154,Northern Europe,EU,Europe,[68]
Fiji,Nasinu,Suva,FJ,242,54,Melanesia,OC,Oceania,[69]
Finland,Helsinki,Espoo,FI,246,154,Northern Europe,EU,Europe,[70]
France,Paris,Marseilles,FR,250,155,Western Europe,EU,Europe,[72]
French Guiana,Cayenne,Saint-Laurent-du-Maroni,GF,254,5,South America,SA,South America,[74]
French Polynesia,Papeete,Mahina,PF,258,61,Polynesia,OC,Oceania,[75]
Gabon,Libreville,Port-Gentil,GA,266,17,Middle Africa,AF,Africa,[76]
Gambia,Serekunda,Brikama,GM,270,11,Western Africa,AF,Africa,[77]
Georgia,Tbilisi,Kutaisi,GE,268,145,Western Asia,AS,Asia,[78]
Germany,Berlin,Hamburg,DE,276,155,Western Europe,EU,Europe,[79]
Ghana,Accra,Kumasi,GH,288,11,Western Africa,AF,Africa,[80]
Gibraltar,,,GI,292,39,Southern Europe,EU,Europe,[81]
Greece,Athens,Thessaloniki,GR,300,39,Southern Europe,EU,Europe,[82]
Greenland,Nuuk,Sisimiut,GL,304,21,North America,NA,North America,[83]
Grenada,St. George's,Gouyave,GD,308,29,Caribbean,SA,South America,[84]
Guam,Tamuning,Mangilao,GU,316,57,Micronesia,OC,Oceania,[85]
Guatemala,Guatemala City,Quetzaltenango,GT,320,13,Central America,SA,South America,[86]
Guernsey,Saint Peter Port,Vale,GG,831,154,Northern Europe,EU,Europe,[87]
Guinea,Conakry,Guéckédou,GN,324,11,Western Africa,AF,Africa,[88]
Guinea-Bissau,Bissau,Gabú,GW,624,11,Western Africa,AF,Africa,[89]
Guyana,Georgetown,Linden,GY,328,5,South America,SA,South America,[90]
Haiti,Port-au-Prince,Gonaïves,HT,332,29,Caribbean,SA,South America,[91]
Honduras,Tegucigalpa,San Pedro Sula,HN,340,13,Central America,SA,South America,[92]
Hungary,Budapest,Debrecen,HU,348,151,Eastern Europe,EU,Europe,[94]
Iceland,Reykjavík,Akureyri,IS,352,154,Northern Europe,EU,Europe,[95]
India,Mumbai,Delhi,IN,356,34,Southern Asia,AS,Asia,[96]
Indonesia,Jakarta,Surabaya,ID,360,35,South-Eastern Asia,AS,Asia,[97]
Iran,Tehran,Mashhad,IR,364,34,Southern Asia,AS,Asia,[99]
Iraq,Baghdad,Basra,IQ,368,145,Western Asia,AS,Asia,[101]
Iceland,Dublin,Cork,IS,352,154,Northern Europe,EU,Europe,[102]
Isle of Man,Douglas,Onchan,IM,833,154,Northern Europe,EU,Europe,[103]
Israel,Jerusalem,Tel Aviv,IL,376,145,Western Asia,AS,Asia,[104]
Italy,Rome,Milan,IT,380,39,Southern Europe,EU,Europe,[106]
Jamaica,Kingston,Spanish Town,JM,388,29,Caribbean,SA,South America,[108]
Japan,Tokyo,Osaka,JP,392,30,Eastern Asia,AS,Asia,[109]
Jersey,Saint Helier,Saint Saviour,JE,832,154,Northern Europe,EU,Europe,[111]
Jordan,Amman,Zarqa,JO,400,145,Western Asia,AS,Asia,[112]
Kazakhstan,Almaty,Astana,KZ,398,143,Central Asia,AS,Asia,[113]
Kenya,Nairobi,Mombasa,KE,404,14,Eastern Africa,AF,Africa,[114]
Kiribati,Bairiki,Taburao,KI,296,57,Micronesia,OC,Oceania,[115]
Democratic People's Republic of Korea,Pyongyang,Hamhung,KP,408,30,Eastern Asia,AS,Asia,[116]
Republic of Korea,Seoul,Busan,KR,410,30,Eastern Asia,AS,Asia,[117]
Kuwait,Kuwait City,Al Jahra,KW,414,145,Western Asia,AS,Asia,[119]
Kyrgyzstan,Bishkek,Osh,KG,417,143,Central Asia,AS,Asia,[120]
Lao People's Democratic Republic,Vientiane,Pakxe,LA,418,35,South-Eastern Asia,AS,Asia,[121]
Latvia,Riga,Daugavpils,LV,428,154,Northern Europe,EU,Europe,[122]
Lebanon,Beirut,Tripoli,LB,422,145,Western Asia,AS,Asia,[123]
Lesotho,Maseru,Hlotse,LS,426,18,Southern Africa,AF,Africa,[124]
Liberia,Monrovia,Gbarnga,LR,430,11,Western Africa,AF,Africa,[125]
Libya,Tripoli,Benghazi,LY,434,15,Northern Africa,AF,Africa,[126]
Liechtenstein,Schaan,Vaduz,LI,438,155,Western Europe,EU,Europe,[127]
Lithuania,Vilnius,Kaunas,LT,440,154,Northern Europe,EU,Europe,[128]
Luxembourg,Luxembourg City,Esch-sur-Alzette,LU,442,155,Western Europe,EU,Europe,[129]
Madagascar,Antananarivo,Toamasina,MG,450,14,Eastern Africa,AF,Africa,[131]
Malawi,Lilongwe,Blantyre,MW,454,14,Eastern Africa,AF,Africa,[132]
Malaysia,Kuala Lumpur,Johor Bahru,MY,458,35,South-Eastern Asia,AS,Asia,
Maldives,Malé,Addu City,MV,462,34,Southern Asia,AS,Asia,[133]
Mali,Bamako,Sikasso,ML,466,11,Western Africa,AF,Africa,[134]
Malta,Birkirkara,Valletta,MT,470,39,Southern Europe,EU,Europe,[135]
Marshall Islands,Rita,Ebeye,MH,584,57,Micronesia,OC,Oceania,[137]
Mauritania,Nouakchott,Kiffa,MR,478,11,Western Africa,AF,Africa,[138]
Mauritius,Port Louis,Beau Bassin-Rose Hill,MU,480,14,Eastern Africa,AF,Africa,[139]
Mayotte,Mamoudzou,Dzaoudzi,YT,175,14,Eastern Africa,AF,Africa,
Mexico,Mexico City,Guadalajara,MX,484,13,Central America,SA,South America,[140]
Monaco,Monte Carlo,La Condamine,MC,492,155,Western Europe,EU,Europe,[143]
Mongolia,Ulan Bator,Erdenet,MN,496,30,Eastern Asia,AS,Asia,[144]
Montenegro,Podgorica,Nikšić,ME,499,39,Southern Europe,EU,Europe,[145]
Montserrat,Brades[2],Saint Peter's,MS,500,29,Caribbean,SA,South America,[146]
Morocco,Casablanca,Rabat,MA,504,15,Northern Africa,AF,Africa,[147]
Mozambique,Maputo,Nampula,MZ,508,14,Eastern Africa,AF,Africa,[148]
Myanmar,Yangon,Mandalay,MM,104,35,South-Eastern Asia,AS,Asia,[149]
Azerbaijan,Stepanakert,Shusha,AZ,31,145,Western Asia,AS,Asia,
Namibia,Windhoek,Rundu,NA,516,18,Southern Africa,AF,Africa,[150]
Nauru,Yaren,Denigomudu,NR,520,57,Micronesia,OC,Oceania,
Nepal,Kathmandu,Pokhara,NP,524,34,Southern Asia,AS,Asia,[151]
Netherlands,Amsterdam,Rotterdam,NL,528,155,Western Europe,EU,Europe,[152]
New Caledonia,Nouméa,Wé,NC,540,54,Melanesia,OC,Oceania,[154]
New Zealand,Auckland,Wellington,NZ,554,53,Australia and New Zealand,OC,Oceania,[155]
Nicaragua,Managua,León,NI,558,13,Central America,SA,South America,[156]
Niger,Niamey,Zinder,NE,562,11,Western Africa,AF,Africa,[157]
Niger,Lagos,Ibadan,NE,562,11,Western Africa,AF,Africa,[158]
Niue,Alofi,Avatele,NU,570,61,Polynesia,OC,Oceania,[159]
Norfolk Island,Burnt Pine,Kingston,NF,574,53,Australia and New Zealand,OC,Oceania,
Northern Mariana Islands,San Antonio[3],Garapan[3],NP,580,57,Micronesia,OC,Oceania,[160]
Norway,Oslo,Bergen,NO,578,154,Northern Europe,EU,Europe,[161]
Oman,Muscat,Salalah,OM,512,145,Western Asia,AS,Asia,[162]
Pakistan,Karachi,Lahore,PK,586,34,Southern Asia,AS,Asia,[163]
Palau,Koror,Airai,PW,585,57,Micronesia,OC,Oceania,[164]
State of Palestine,Gaza,Hebron,PS,275,145,Western Asia,AS,Asia,[165]
Panama,Panama City,David,PA,591,13,Central America,SA,South America,[167]
Papua New Guinea,Port Moresby,Lae,PG,598,54,Melanesia,OC,Oceania,[168]
Paraguay,Asunción,Ciudad del Este,PY,600,5,South America,SA,South America,[169]
Peru,Lima,Arequipa,PE,604,5,South America,SA,South America,[170]
Philippines,Quezon City,Manila,PH,608,35,South-Eastern Asia,AS,Asia,[171]
Poland,Warsaw,Kraków,PL,616,151,Eastern Europe,EU,Europe,[172]
Portugal,Lisbon,Porto,PT,620,39,Southern Europe,EU,Europe,[174]
Puerto Rico,San Juan,Bayamón,PR,630,29,Caribbean,SA,South America,[175]
Qatar,Doha,Al Khor,QA,634,145,Western Asia,AS,Asia,[177]
Romania,Bucharest,Cluj-Napoca,RO,642,151,Eastern Europe,EU,Europe,[178]
Russian Federation,Moscow,Saint Petersburg,RU,643,151,Eastern Europe,EU,Europe,[179]
Rwanda,Kigali,Gitarama,RW,646,14,Eastern Africa,AF,Africa,[180]
Saint-Barth_lemy,Gustavia,St. Jean,BL,652,29,Caribbean,SA,South America,
Saint Helena,Half Tree Hollow,Longwood,SH,654,11,Western Africa,AF,Africa,[181]
Saint Kitts and Nevis,Basseterre,Charlestown,KN,659,29,Caribbean,SA,South America,[182]
Saint Lucia,Castries,Bexon,LC,662,29,Caribbean,SA,South America,[183]
San Marino,Marigot,Rambaud,SM,674,39,Southern Europe,EU,Europe,
Saint Pierre and Miquelon,Saint-Pierre,Miquelon,PM,666,21,North America,NA,North America,[184]
Saint Vincent and the Grenadines,Kingstown,Georgetown,VC,670,29,Caribbean,SA,South America,[185]
Samoa,Apia,Vaitele,WS,882,61,Polynesia,OC,Oceania,[186]
San Marino,Dogana,Borgo Maggiore,SM,674,39,Southern Europe,EU,Europe,[187]
Saudi Arabia,Riyadh,Jeddah,SA,682,145,Western Asia,AS,Asia,[189]
Senegal,Dakar,Thiès,SN,686,11,Western Africa,AF,Africa,[190]
Serbia,Belgrade,Novi Sad,RS,688,39,Southern Europe,EU,Europe,[191]
Seychelles,Victoria,Anse Etoile,SC,690,14,Eastern Africa,AF,Africa,
Sierra Leone,Freetown,Bo,SL,694,11,Western Africa,AF,Africa,[192]
Singapore,Singapore is a city-state.,,SG,702,35,South-Eastern Asia,AS,Asia,[193]
Slovakia,Bratislava,Košice,SK,703,151,Eastern Europe,EU,Europe,[195]
Slovenia,Ljubljana,Maribor,SI,705,39,Southern Europe,EU,Europe,[196]
Solomon Islands,Honiara,Gizo,SB,90,54,Melanesia,OC,Oceania,[197]
Somalia,Mogadishu,Hargeisa,SO,706,14,Eastern Africa,AF,Africa,
Somalia,Hargeisa,Berbera,SO,706,14,Eastern Africa,AF,Africa,
South Africa,Cape Town,Johannesburg,ZA,710,18,Southern Africa,AF,Africa,[198]
South Sudan,Juba,Yei,SS,728,14,Eastern Africa,AF,Africa,
Spain,Madrid,Barcelona,ES,724,39,Southern Europe,EU,Europe,[200]
Sri Lanka,Colombo,Dehiwala-Mount Lavinia,LK,144,34,Southern Asia,AS,Asia,[201]
Sudan,Omdurman,Khartoum,SD,729,15,Northern Africa,AF,Africa,[203]
Suriname,Paramaribo,Lelydorp,SR,740,5,South America,SA,South America,[205]
Svalbard and Jan Mayen Islands,Longyearbyen,Barentsburg,SJ,744,154,Northern Europe,EU,Europe,[206]
Swaziland,Manzini,Mbabane,SZ,748,18,Southern Africa,AF,Africa,[207]
Sweden,Stockholm,Gothenburg,SE,752,154,Northern Europe,EU,Europe,[208]
Switzerland,Zürich,Geneva,CH,756,155,Western Europe,EU,Europe,[209]
Syrian Arab Republic,Aleppo,Damascus,SY,760,145,Western Asia,AS,Asia,[210][211]
Tajikistan,Dushanbe,Khujand,TJ,762,143,Central Asia,AS,Asia,[212]
Thailand,Bangkok,Samut-Prakan city,TH,764,35,South-Eastern Asia,AS,Asia,[214][215]
Togo,Lomé,Sokodé,TG,768,11,Western Africa,AF,Africa,[216]
Tokelau,Fakaofo,Atafu,TK,772,61,Polynesia,OC,Oceania,[217]
Tonga,Nukuʻalofa,Mu'a,TO,776,61,Polynesia,OC,Oceania,[218]
Trinidad and Tobago,Chaguanas,San Fernando,TT,780,29,Caribbean,SA,South America,[219]
Tunisia,Tunis,Sfax,TN,788,15,Northern Africa,AF,Africa,[220]
Turkey,Istanbul,Ankara,TR,792,145,Western Asia,AS,Asia,[221]
Turkmenistan,Ashgabat,Türkmenabat,TM,795,143,Central Asia,AS,Asia,[222]
Turks and Caicos Islands,Five Cays,Honda Road,TC,796,29,Caribbean,SA,South America,[223]
Tuvalu,Vaiaku[8],Asau,TV,798,61,Polynesia,OC,Oceania,[224]
Uganda,Kampala,Gulu,UG,800,14,Eastern Africa,AF,Africa,[225]
Ukraine,Kiev,Kharkiv,UA,804,151,Eastern Europe,EU,Europe,[226]
United Arab Emirates,Dubai,Abu Dhabi,AE,784,145,Western Asia,AS,Asia,[228]
United Kingdom of Great Britain and Northern Ireland,London,Birmingham,GB,826,154,Northern Europe,EU,Europe,[230]
United States of America,New York City,Los Angeles,US,840,21,North America,NA,North America,[232]
Uruguay,Montevideo,Salto,UY,858,5,South America,SA,South America,[233]
Uzbekistan,Tashkent,Namangan,UZ,860,143,Central Asia,AS,Asia,[234]
Vanuatu,Port Vila,Luganville,VU,548,54,Melanesia,OC,Oceania,[235]
Holy See,Vatican City, ,VA,336,39,Southern Europe,EU,Europe,[236]
Venezuela (Bolivarian Republic of),Caracas,Maracaibo,VE,862,5,South America,SA,South America,[237]
Vietnam,Ho Chi Minh City,Hanoi,VM,704,35,South-Eastern Asia,AS,Asia,[238]
British Virgin Islands, Road Town,Spanish Town,VG,92,29,Caribbean,SA,South America,
Wallis and Futuna Islands,Mata-Utu,Alele,WF,876,61,Polynesia,OC,Oceania,[239]
Western Sahara,El Aaiún,Dakhla,EH,732,15,Northern Africa,AF,Africa,[240]
Yemen,Sana'a,Aden,YE,887,145,Western Asia,AS,Asia,[241]
Gambia,Lusaka,Kitwe,GM,270,11,Western Africa,AF,Africa,[242]
Zimbabwe,Harare,Bulawayo,ZW,716,14,Eastern Africa,AF,Africa,[243]
Austria,,,AT,40,155,Western Europe,EU,Europe,
"Bonaire, Saint Eustatius and Saba",,,BQ,535,29,Caribbean,SA,South America,
Brunei Darussalam,,,BN,96,35,South-Eastern Asia,AS,Asia,
Cabo Verde,,,CV,132,11,Western Africa,AF,Africa,
Channel Islands,,,,830,154,Northern Europe,EU,Europe,
"China, Hong Kong Special Administrative Region",,,HK,344,30,Eastern Asia,AS,Asia,
"China, Macao Special Administrative Region",,,MO,446,30,Eastern Asia,AS,Asia,
Congo,,,CG,178,17,Middle Africa,AF,Africa,
Cura?ao,,,CW,531,29,Caribbean,SA,South America,
Falkland Islands (Malvinas),,,FK,238,5,South America,SA,South America,
Guadeloupe,,,GP,312,29,Caribbean,SA,South America,
Ireland,,,IE,372,154,Northern Europe,EU,Europe,
Martinique,,,MQ,474,29,Caribbean,SA,South America,
Micronesia,,,FM,583,57,Micronesia,OC,Oceania,
Nigeria,,,NG,566,11,Western Africa,AF,Africa,
Republic of Moldova,,,MD,498,151,Eastern Europe,EU,Europe,
Reunion,,,RE,638,14,Eastern Africa,AF,Africa,
Saint Martin (French part),,,MF,663,29,Caribbean,SA,South America,
Sao Tome and Principe,,,ST,678,17,Middle Africa,AF,Africa,
Sark,,,,680,154,Northern Europe,EU,Europe,
Sint Maarten (Dutch part),,,SX,534,29,Caribbean,SA,South America,
The former Yugoslav Republic of Macedonia,,,MK,807,39,Southern Europe,EU,Europe,
Timor-Leste,,,TL,626,35,South-Eastern Asia,AS,Asia,
United Republic of Tanzania,,,TZ,834,14,Eastern Africa,AF,Africa,
United States Virgin Islands,,,VI,850,29,Caribbean,SA,South America,
Zambia,,,ZM,894,14,Eastern Africa,AF,Africa,
